{
  "xgboost": {
    "mae": 19.814355907397328,
    "mse": 4101.455763060435,
    "rmse": 64.0426089651291,
    "r2": 0.9372884465308796,
    "smape": 8.377474298483207,
    "model_name": "xgboost"
  }
}